--Empresa
INSERT INTO Empresa VALUES (00001,'CABLETV');

--Clientes
INSERT INTO Cliente VALUES
('C',09928313,'Manuel Gomez'    , 'Macaracuay'  ,11111111118, CURRENT_DATE,0,0,'elefante' ),
('C',11233445,'Jose Luis'       , 'Yo no se'    ,24124123164, CURRENT_DATE,0,0,'oso'      ),
('C',19379657,'Andrea Salcedo'  , 'California'  ,04263476562, CURRENT_DATE,0,0,'la cucha' ),
('C',19994366,'Catherine Elena' , 'Oripoto'     ,04129356911, CURRENT_DATE,0,0,'la sis'   ),
('C',20131092,'Marcos Antonio'   , 'Los Samanes' ,04241218886, CURRENT_DATE,0,0,'el lil'  ),
('C',20309753,'John Mikel'      , 'Bosque Valle',04142342006, CURRENT_DATE,0,0,'ninguna'  ),
('C',21030282,'Gabriela Claret' , 'Macaracuay'  ,04244666383, CURRENT_DATE,0,0,'ninguna'  ),
('C',22382687,'Reinaldo Enrique', 'Yo no se'    ,04142784945, CURRENT_DATE,0,0,'ninguna'  ),
('R',00122334,'Fernando Javier' , 'Montalban'   ,04123622646, CURRENT_DATE,0,0,'fercho'   ),
('R',00912314,'Aguacate Guasy'  , 'Magickland'  ,11111111111, CURRENT_DATE,0,0,':)'       ),
('R',01235689,'Joel Orlando'    , 'Yo no se'    ,04123093919, CURRENT_DATE,0,0,'ninguna'  ),
('R',05232141,'Eduardo Blanco'  , 'Yo no se'    ,00000000000, CURRENT_DATE,0,0,'ninguna'  ),
('R',12332141,'Ramon Marquez'   , 'Yo no se'    ,24124123123, CURRENT_DATE,0,0,'moncho'   ),
('R',12496710,'Oveja Negra'     , 'Hoyo negro'  ,66666666666, CURRENT_DATE,0,0,'malo D:'  ),
('R',35891247,'Angela di Serio' , 'Yo no se'    ,00000000000, CURRENT_DATE,0,0,'ninguna'  );

--Productos
INSERT INTO Producto VALUES
(0000000001,'Deco01'),
(0000000002,'Deco02'),
(0000000003,'Deco03'),
(0000000004,'Deco04'),
(0000000005,'Deco05');

--Ofrece
INSERT INTO Ofrece VALUES
(00001,0000000001),
(00001,0000000002),
(00001,0000000003),
(00001,0000000004),
(00001,0000000005);

--Tarjeta
INSERT INTO Tarjeta VALUES
(0000000000000000,'C','12-12-2020',000,'USB'),
(0000000000000001,'C','12-12-2020',001,'USB'),
(0000000000000002,'C','12-12-2020',002,'USB'),
(0000000000000003,'C','12-12-2020',003,'USB'),
(0000000000000004,'C','12-12-2020',004,'USB'),
(0000000000000005,'C','12-12-2020',005,'USB');

--Tiene
INSERT INTO Tiene VALUES
('C',20309753,CURRENT_DATE,0000000000000000),
('C',21030282,CURRENT_DATE,0000000000000001),
('C',20131092,CURRENT_DATE,0000000000000002),
('C',19379657,CURRENT_DATE,0000000000000003);

--Servicios
INSERT INTO Servicio (nombre) VALUES
 ('Nacional01'    ),
 ('Nacional02'    ),
 ('Nacional03'    ),
 ('Nacional04'    ),
 ('Nacional05'    ),
 ('Nacional06'    ),
 ('Nacional07'    ),
 ('Nacional08'    ),
 ('Nacional09'    ),
 ('Nacional10'    ),
 ('Nacional11'    ),
 ('Nacional12'    ),
 ('Nacional13'    ),
 ('Nacional14'    ),
 ('Variedad01'    ),
 ('Variedad02'    ),
 ('Variedad03'    ),
 ('Variedad04'    ),
 ('Variedad05'    ),
 ('Variedad06'    ),
 ('Variedad07'    ),
 ('Variedad08'    ),
 ('Variedad09'    ),
 ('Variedad10'    ),
 ('Variedad11'    ),
 ('Variedad12'    ),
 ('Variedad13'    ),
 ('Variedad14'    ),
 ('Variedad15'    ),
 ('Variedad16'    ),
 ('Variedad17'    ),
 ('Variedad18'    ),
 ('Variedad19'    ),
 ('Variedad20'    ),
 ('Variedad21'    ),
 ('Variedad22'    ),
 ('Variedad23'    ),
 ('Variedad24'    ),
 ('Variedad25'    ),
 ('Variedad26'    ),
 ('Variedad27'    ),
 ('Variedad28'    ),
 ('Kids01'        ),
 ('Kids02'        ),
 ('Kids03'        ),
 ('Kids04'        ),
 ('Kids05'        ),
 ('Kids06'        ),
 ('Kids07'        ),
 ('Cine01'        ),
 ('Cine02'        ),
 ('Cine03'        ),
 ('Cine04'        ),
 ('Cine05'        ),
 ('Cine06'        ),
 ('Cine07'        ),
 ('Cine08'        ),
 ('Cine09'        ),
 ('Cine10'        ),
 ('Deportes01'    ),
 ('Deportes02'    ),
 ('Deportes03'    ),
 ('Deportes04'    ),
 ('Deportes05'    ),
 ('Deportes06'    ),
 ('Deportes07'    ),
 ('Deportes08'    ),
 ('Deportes09'    ),
 ('Mundos01'      ),
 ('Mundos02'      ),
 ('Mundos03'      ),
 ('Mundos04'      ),
 ('Mundos05'      ),
 ('Mundos06'      ),
 ('Mundos07'      ),
 ('Mundos08'      ),
 ('Mundos09'      ),
 ('Mundos10'      ),
 ('Mundos11'      ),
 ('Mundos12'      ),
 ('Mundos13'      ),
 ('Mundos14'      ),
 ('Mundos15'      ),
 ('Mundos16'      ),
 ('Mundos17'      ),
 ('Mundos18'      ),
 ('Mundos19'      ),
 ('Mundos20'      ),
 ('Radio01'       ),
 ('Radio02'       ),
 ('Radio03'       ),
 ('Radio04'       ),
 ('Radio05'       ),
 ('Radio06'       ),
 ('Radio07'       ),
 ('Radio08'       ),
 ('Radio09'       ),
 ('Radio10'       ),
 ('Radio11'       ),
 ('Radio12'       ),
 ('Radio13'       ),
 ('Radio14'       ),
 ('Radio15'       ),
 ('Radio16'       ),
 ('Radio17'       ),
 ('Radio18'       ),
 ('Radio19'       ),
 ('Radio20'       );

--Servicio de enunciado
INSERT INTO Servicio  VALUES
('TVBRAZIL'       ,42),
('SPN'            ,30),
('NoticiasMundial',35);
('PeliculasPPV'   ,35);

--Paquetes
INSERT INTO Paquete VALUES
(00001, 'Paquete 01'),
(00002, 'Paquete 02'),
(00003, 'Paquete 03');

--Brindas
INSERT INTO Brinda
SELECT codigo_serv, codigo_paq
FROM
  Servicio, Paquete,
  (VALUES
    ('Nacional01','Paquete01'),
    ('Nacional02','Paquete01'),
    ('Nacional03','Paquete01'),
    ('Nacional04','Paquete01'),
    ('Nacional05','Paquete01'),
    ('Nacional06','Paquete01'),
    ('Nacional07','Paquete01'),
    ('Nacional08','Paquete01'),
    ('Nacional09','Paquete01'),
    ('Nacional10','Paquete01'),
    ('Nacional14','Paquete01'),
    ('Nacional13','Paquete01'),
    ('Nacional12','Paquete01'),
    ('Nacional11','Paquete01'),
    ('Variedad01','Paquete01'),
    ('Variedad02','Paquete01'),
    ('Variedad03','Paquete01'),
    ('Variedad04','Paquete01'),
    ('Variedad05','Paquete01'),
    ('Variedad06','Paquete01'),
    ('Variedad07','Paquete01'),
    ('Variedad08','Paquete01'),
    ('Variedad09','Paquete01'),
    ('Variedad10','Paquete01'),
    ('Variedad14','Paquete01'),
    ('Variedad13','Paquete01'),
    ('Variedad12','Paquete01'),
    ('Variedad11','Paquete01'),
    ('Variedad15','Paquete01'),
    ('Kids01'    ,'Paquete01'),
    ('Kids02'    ,'Paquete01'),
    ('Kids03'    ,'Paquete01'),
    ('Kids04'    ,'Paquete01'),
    ('Deportes01','Paquete01'),
    ('Deportes02','Paquete01'),
    ('Deportes03','Paquete01'),
    ('Deportes04','Paquete01'),
    ('Cine01'    ,'Paquete01'),
    ('Cine02'    ,'Paquete01'),
    ('Cine03'    ,'Paquete01'),
    ('Cine04'    ,'Paquete01'),
    ('Radio01'   ,'Paquete01'),
    ('Radio02'   ,'Paquete01'),
    ('Radio08'   ,'Paquete01'),
    ('Radio03'   ,'Paquete01'),
    ('Radio04'   ,'Paquete01'),
    ('Radio05'   ,'Paquete01'),
    ('Radio06'   ,'Paquete01'),
    ('Radio07'   ,'Paquete01'),
    ('Radio09'   ,'Paquete01'),
    ('Mundos01'  ,'Paquete01'),
    ('Mundos02'  ,'Paquete01'),
    ('Mundos08'  ,'Paquete01'),
    ('Mundos03'  ,'Paquete01'),
    ('Mundos04'  ,'Paquete01'),
    ('Mundos05'  ,'Paquete01'),
    ('Mundos06'  ,'Paquete01'),
    ('Mundos07'  ,'Paquete01'),
    ('Mundos09'  ,'Paquete01'),

    ('Nacional01','Paquete02'),
    ('Nacional02','Paquete02'),
    ('Nacional03','Paquete02'),
    ('Nacional04','Paquete02'),
    ('Nacional05','Paquete02'),
    ('Nacional06','Paquete02'),
    ('Nacional07','Paquete02'),
    ('Nacional08','Paquete02'),
    ('Nacional09','Paquete02'),
    ('Nacional10','Paquete02'),
    ('Nacional14','Paquete02'),
    ('Nacional13','Paquete02'),
    ('Nacional12','Paquete02'),
    ('Nacional11','Paquete02'),
    ('Variedad01','Paquete02'),
    ('Variedad02','Paquete02'),
    ('Variedad03','Paquete02'),
    ('Variedad04','Paquete02'),
    ('Variedad05','Paquete02'),
    ('Variedad06','Paquete02'),
    ('Variedad07','Paquete02'),
    ('Variedad08','Paquete02'),
    ('Variedad09','Paquete02'),
    ('Variedad10','Paquete02'),
    ('Variedad14','Paquete02'),
    ('Variedad13','Paquete02'),
    ('Variedad12','Paquete02'),
    ('Variedad11','Paquete02'),
    ('Variedad15','Paquete02'),
    ('Variedad16','Paquete02'),
    ('Variedad17','Paquete02'),
    ('Variedad18','Paquete02'),
    ('Variedad19','Paquete02'),
    ('Variedad20','Paquete02'),
    ('Variedad21','Paquete02'),
    ('Variedad22','Paquete02'),
    ('Variedad23','Paquete02'),
    ('Variedad24','Paquete02'),
    ('Variedad25','Paquete02'),
    ('Variedad26','Paquete02'),
    ('Variedad27','Paquete02'),
    ('Variedad28','Paquete02'),
    ('Kids01'    ,'Paquete02'),
    ('Kids02'    ,'Paquete02'),
    ('Kids03'    ,'Paquete02'),
    ('Kids04'    ,'Paquete02'),
    ('Kids05'    ,'Paquete02'),
    ('Kids06'    ,'Paquete02'),
    ('Kids07'    ,'Paquete02'),
    ('Deportes01','Paquete02'),
    ('Deportes02','Paquete02'),
    ('Deportes03','Paquete02'),
    ('Deportes04','Paquete02'),
    ('Deportes05','Paquete02'),
    ('Deportes06','Paquete02'),
    ('Deportes07','Paquete02'),
    ('Deportes08','Paquete02'),
    ('Deportes09','Paquete02'),
    ('Cine01'    ,'Paquete02'),
    ('Cine02'    ,'Paquete02'),
    ('Cine03'    ,'Paquete02'),
    ('Cine04'    ,'Paquete02'),
    ('Cine05'    ,'Paquete02'),
    ('Cine06'    ,'Paquete02'),
    ('Cine07'    ,'Paquete02'),
    ('Cine08'    ,'Paquete02'),
    ('Cine09'    ,'Paquete02'),
    ('Cine10'    ,'Paquete02'),
    ('Radio01'   ,'Paquete02'),
    ('Radio02'   ,'Paquete02'),
    ('Radio08'   ,'Paquete02'),
    ('Radio03'   ,'Paquete02'),
    ('Radio04'   ,'Paquete02'),
    ('Radio05'   ,'Paquete02'),
    ('Radio06'   ,'Paquete02'),
    ('Radio07'   ,'Paquete02'),
    ('Radio09'   ,'Paquete02'),
    ('Radio10'   ,'Paquete02'),
    ('Radio11'   ,'Paquete02'),
    ('Radio12'   ,'Paquete02'),
    ('Radio18'   ,'Paquete02'),
    ('Radio13'   ,'Paquete02'),
    ('Radio14'   ,'Paquete02'),
    ('Radio15'   ,'Paquete02'),
    ('Radio16'   ,'Paquete02'),
    ('Radio17'   ,'Paquete02'),
    ('Radio19'   ,'Paquete02'),
    ('Radio20'   ,'Paquete02'),
    ('Radio21'   ,'Paquete02'),
    ('Radio22'   ,'Paquete02'),
    ('Radio28'   ,'Paquete02'),
    ('Radio23'   ,'Paquete02'),
    ('Radio24'   ,'Paquete02'),
    ('Radio25'   ,'Paquete02'),
    ('Radio26'   ,'Paquete02'),
    ('Radio27'   ,'Paquete02'),
    ('Radio29'   ,'Paquete02'),
    ('Radio31'   ,'Paquete02'),
    ('Radio32'   ,'Paquete02'),
    ('Radio38'   ,'Paquete02'),
    ('Radio33'   ,'Paquete02'),
    ('Radio34'   ,'Paquete02'),
    ('Radio35'   ,'Paquete02'),
    ('Radio36'   ,'Paquete02'),
    ('Radio37'   ,'Paquete02'),
    ('Radio39'   ,'Paquete02'),
    ('Radio30'   ,'Paquete02'),
    ('Mundos01'  ,'Paquete02'),
    ('Mundos02'  ,'Paquete02'),
    ('Mundos08'  ,'Paquete02'),
    ('Mundos03'  ,'Paquete02'),
    ('Mundos04'  ,'Paquete02'),
    ('Mundos05'  ,'Paquete02'),
    ('Mundos06'  ,'Paquete02'),
    ('Mundos07'  ,'Paquete02'),
    ('Mundos09'  ,'Paquete02'),
    ('Mundos10'  ,'Paquete02'),
    ('Mundos12'  ,'Paquete02'),
    ('Mundos11'  ,'Paquete02'),
    ('Mundos13'  ,'Paquete02'),
    ('Mundos14'  ,'Paquete02'),
    ('Mundos15'  ,'Paquete02'),
    ('Mundos16'  ,'Paquete02'),
    ('Mundos17'  ,'Paquete02'),
    ('Mundos18'  ,'Paquete02'),
    ('Mundos19'  ,'Paquete02'),
    ('Mundos20'  ,'Paquete02')
  ) AS Datos (servicio, paquete)
WHERE
  Datos.servicio = Servicio.nombre
  AND Datos.paquete = Paquete.nombre
;

--Planes
INSERT INTO Plan VALUES
(00001,'TVCABLE Bronce' ),
(00002,'TVCABLE Plata'  ),
(00003,'TVCABLE Oro'    );

--Prepagos
INSERT INTO Prepago  VALUES (00001,140   );
INSERT INTO Postpago VALUES (00002,220   );

--Postpagos
INSERT INTO Prepago  VALUES (00001,140   );
INSERT INTO Postpago VALUES (00002,220   );

--Posees
INSERT INTO Posee VALUES
(00001,00001),
(00002,00002);

--Contratas
INSERT INTO Contrata VALUES
('C',20309753,CURRENT_DATE,0000000001,00001),
('C',21030282,CURRENT_DATE,0000000001,00002),
('C',20131092,CURRENT_DATE,0000000003,00001),
('C',19379657,CURRENT_DATE,0000000002,00002),
('C',19994366,CURRENT_DATE,0000000001,00001),
('C',22382687,CURRENT_DATE,0000000004,00001),
('R',01235689,CURRENT_DATE,0000000001,00002),
('R',00122334,CURRENT_DATE,0000000001,00001),
('C',11233445,CURRENT_DATE,0000000003,00001),
('R',12332141,CURRENT_DATE,0000000001,00002),
('C',09928313,CURRENT_DATE,0000000002,00001),
('R',00912314,CURRENT_DATE,0000000001,00002),
('R',05232141,CURRENT_DATE,0000000001,00001),
('R',35891247,CURRENT_DATE,0000000002,00002),
('R',12496710,CURRENT_DATE,0000000003,00001),
('C',20131092,CURRENT_DATE,0000000002,00002);

--Cosume
INSERT INTO Consume VALUES
(00001,0000000003,50,'C',20131092,CURRENT_DATE,CURRENT_TIMESTAMP),
(00002,0000000003,54,'C',20131092,CURRENT_DATE,CURRENT_TIMESTAMP),
(00003,0000000003,44,'C',20131092,CURRENT_DATE,CURRENT_TIMESTAMP),
(00004,0000000003,52,'C',20131092,CURRENT_DATE,CURRENT_TIMESTAMP);
